4.073029388340333,RAISE
4.058936375164548,SLATE
4.045981976454009,CRATE
4.043192130925572,IRATE
4.042981321246606,TRACE
4.033506655530472,ARISE
4.025204117766625,STARE
3.9996458047327,SNARE
3.9970873496486368,AROSE
3.986117981765012,LEAST
3.984015180605733,ALERT
3.9821512993126817,CRANE
3.9776274051946707,STALE
3.9744103632521424,SANER
3.9613533793547484,ALTER
3.956440425450677,LATER
3.949884170359328,REACT
3.9415531675640794,LEANT
3.939699108204339,TRADE
3.9218111752639144,LEARN
3.9154472498050152,CATER
3.9123458562013718,ROAST
3.9068001873227,AISLE
3.9064216337184767,TRICE
3.9027813969414646,SCARE
3.8994404085188727,PARSE
3.8950441864172736,SAUTE
3.893162809262824,HEART
3.8925097126148764,ALONE
3.8891603227142055,ALIEN
3.8889424115201168,STORE
3.887257676098748,SHARE
3.883564124929541,GRATE
3.8766077415990545,TRAIL
3.8695506672336943,SIREN
3.866941630575892,SNORE
3.861721780673993,CASTE
3.8576752449537195,SCALE
3.8533473264234006,ATONE
3.851732383013143,RENAL
3.8516936553722956,DEALT
3.84858660289277,TRAIN
3.847637440062533,CLEAR
3.8466332319492462,PLATE
3.8461126410326987,SPARE
3.8443935959972917,RINSE
3.8394034420665544,TEARY
3.8382562526418647,TRIAL
3.837856499727789,SHALE
3.837391317235231,SOLAR
3.8339864968508355,GLARE
3.8327290365023186,PEARL
3.8285885190929028,LANCE
3.8257962850629945,STOLE
3.8251066394654916,CANOE
3.8236695869719575,SONAR
3.822865055941819,CRONE
3.8218425761487915,STAIR
3.8217398789302632,SLICE
3.8212951899373073,TENOR
3.817600577335965,TAPER
3.816550312976994,SAINT
3.8122164750223937,ROUTE
3.807530363492283,SLANT
3.806645221900041,CLEAT
3.8063891941751895,TREAD
3.8062478314479224,BLARE
3.803261607146283,HATER
3.7983118103621862,STEAL
3.7981917554166102,TRIED
3.7924355173518265,PLANE
3.7922543536242093,ROUSE
3.788303825863294,LOSER
3.7875636882834605,PALER
3.7832858298678245,TRIPE
3.78321582374142,CREST
3.78304517659039,SUITE
3.7814944410296567,SHEAR
3.7785030350719353,SAUCE
3.777423254333829,GREAT
3.7770446296996685,SHIRE
3.7744208297234163,LARGE
3.772188673999457,TAMER
3.768956983342817,ADORE
3.768299449251459,STONE
3.7675420428751556,NOISE
3.7649132165811703,SCORE
3.7635018312868724,CLOSE
3.7625370752906897,LAPSE
3.762391091612461,TROPE
3.7621467313356995,TABLE
3.758893412136325,SHORE
3.757476732913206,PASTE
3.757010202243705,HORSE
3.7566325454427747,TRUCE
3.7555029950052745,LEAPT
3.7548351838734786,EARTH
3.754096311575833,GRACE
3.7525299704756683,RISEN
3.749935538932399,CAUSE
3.746645399787424,LINER
3.7448056868943778,AIDER
3.7426763985421845,DRONE
3.742569403166932,LATHE
3.7415053937562974,HASTE
3.7385244022428763,CAROL
3.7381954629580747,BRACE
3.7346661988499403,CLONE
3.733589859514241,PROSE
3.7326685144129637,SNARL
3.731800710132156,YEAST
3.731008748713088,SLAIN
3.7309302170211684,COAST
3.7309008608444794,PLACE
3.728746238330928,FLARE
3.7281118828366724,SPEAR
3.7257571084698937,PRONE
3.7249194170032673,REALM
3.7227797477316003,SPIRE
3.7225751624808625,BEAST
3.7218954875424006,PANEL
3.7218043013456157,CAIRN
3.7204279092019585,RANGE
3.7197065752987686,CADET
3.719307980866133,PLEAT
3.7185396301987077,MEANT
3.7180411958149504,SATIN
3.7161245997175096,LAYER
3.7161224285675174,LEASH
3.714754762390742,PLIER
3.7136935318824404,STERN
3.7134357165559164,DRAPE
3.713138515747243,YEARN
3.712777142985826,LOUSE
3.7117985614206774,URINE
3.709791105578952,CORAL
3.7094482621698726,TONAL
3.70837755979647,RATIO
3.7063534319804337,SLIDE
3.705862671042511,SNORT
3.7046253184289917,TRIBE
3.704060164012453,CLEAN
3.702873454354536,SINCE
3.7023921997328104,RESIN
3.702357057383873,ARSON
3.701715202834774,INERT
3.6995352465343294,SPORE
3.6994149789408897,CEDAR
3.699139728041737,LAGER
3.6990494411495476,TALON
3.69807581195539,SNAIL
3.697659525001057,CURSE
3.6975017113129987,BALER
3.6963635133892287,SALON
3.695754383284316,TRIAD
3.6944363750959055,CAPER
3.693752821117302,THEIR
3.6915055640875503,ENACT
3.690656060458607,PETAL
3.6895967225838278,INLET
3.6888774660597843,STAGE
3.688148853649969,CRUEL
3.686109225680962,PRICE
3.6860227867350157,EARLY
3.685526384078741,LADEN
3.684905829655183,TRASH
3.6837191076356692,SMEAR
3.6830952126261023,NURSE
3.68035479551925,POISE
3.679481492601136,MERIT
3.677902220448461,RELAY
3.6771150019942906,INTER
3.6767259023367656,BASTE
3.676388301641345,ISLET
3.6716380699299656,RAMEN
3.671472271913829,SPACE
3.670725394200709,DANCE
3.670693403124972,SPITE
3.670673218606223,REACH
3.6698605518712366,ONSET
3.6687320823002865,HEIST
3.668052080940573,CRIED
3.6676950660974033,SAFER
3.6673056171569898,THOSE
3.6657126603899934,SLOPE
3.664036199617565,TAPIR
3.6635371150420672,SEDAN
3.6618005976238854,CHASE
3.66151834406938,OUTER
3.6612186419919794,FEAST
3.661141298833262,PAUSE
3.660215553706421,HAUTE
3.6593868337929445,PERIL
3.6585626194421215,UTILE
3.6564448595855117,STEIN
3.6561792887587288,TILDE
3.655939483709651,SLIME
3.655021241283637,STAIN
3.654595282695534,SHINE
3.654568539353644,GRADE
3.6533442308381905,SHALT
3.6532256506236482,AGILE
3.6520804463852694,FALSE
3.651805044713867,SPIEL
3.651732795818808,HOTEL
3.6493578066644576,CHORE
3.648031285341523,FARCE
3.647305167457964,PENAL
3.6465498504312355,REGAL
3.646379857929482,ECLAT
3.64555229797301,WATER
3.645103473280662,TREND
3.6446144320001643,SHONE
3.6443048486679475,CABLE
3.644135395288194,BRINE
3.6434896690381824,HEARD
3.6434676049705956,TEACH
3.642671123876521,ANODE
3.6418481437266035,POSER
3.64114863134752,SCONE
3.64050841983185,BORNE
3.6403941656095613,AFIRE
3.6398763397605385,PLAIT
3.6378335948496816,TIMER
3.6366713877723478,TAKER
3.6364198020333687,DRAIN
3.635733567954835,METAL
3.6355527354748087,DROIT
3.6340650960967342,GRAPE
3.6335650533703387,WRITE
3.6335137443761836,SATYR
3.6334553756822667,SMART
3.6323632025905006,GRANT
3.631352326658052,ACUTE
3.6313087682415373,TIGER
3.6299214991473954,DELTA
3.6290822249168357,DINER
3.6286564991549812,POLAR
3.628602146132207,BLEAT
3.6250143492431435,SMILE
3.6243032851502703,CRIME
3.6238969952925633,FORTE
3.622844840929478,SKATE
3.6217436176083906,SMITE
3.6192794599192504,WROTE
3.6170961703453903,ARGUE
3.6167516834231814,ACTOR
3.6153555120942253,CAMEL
3.615077080717936,ARTSY
3.6137672080650267,REMIT
3.6121944520723446,CUTIE
3.611709869718744,SCANT
3.6105101283741687,SOBER
3.609316991947221,SHADE
3.6074677248023006,CHART
3.605370997555889,MOTEL
3.6043416507500883,SLEPT
3.6031221485985996,GRAIL
3.6006868165826122,STEAD
3.600191708263941,PURSE
3.6000732594739575,FERAL
3.59946067025746,CREAM
3.59790818564111,ASIDE
3.5974372683690183,ANGER
3.5967873571438584,SPINE
3.596618017223059,PHASE
3.5954330026866725,SNIDE
3.5946491474964777,SMOTE
3.5944746443549453,SLAVE
3.5935375281625226,NICER
3.5933411640680952,ANGLE
3.5930456548008256,SHORT
3.5926740486408923,SHAPE
3.5925113348696898,CHEAT
3.5924840455872626,PAINT
3.5915708880634645,PLANT
3.5909916842983933,LEACH
3.5905681252972426,ALIKE
3.5901177818409016,ANIME
3.589251046765651,LOATH
3.588291628343027,LITHE
3.588159884530377,OLDER
3.5860866841277654,COURT
3.5860673454536416,SNIPE
3.5860537406203323,WORSE
3.5859301429028347,WASTE
3.5852332595780183,HERON
3.584343867367363,SHIRT
3.582740929483709,PRUNE
3.5823593420472233,SWEAR
3.5821337001983986,MISER
3.5821176263727996,SPELT
3.5819124989861706,RAINY
3.5817117415179114,UNITE
3.5814509719347334,CRAVE
3.57969063538666,PAYER
3.5796383376275114,GONER
3.579575901887396,RELIC
3.5790874773385144,PRIDE
3.5787088872685957,CREPT
3.578671106123116,RIPEN
3.5775578976537834,PRIED
3.5769848619171927,DEATH
3.575996901491083,ACORN
3.575633781752845,SALTY
3.5748468403713596,MOLAR
3.574129085827986,CIDER
3.5739902164627226,STAKE
3.5727963140689685,GLADE
3.5724353731744483,VALET
3.571092151526679,SCENT
3.5706231697289885,SALVE
3.5703275038969178,BRUTE
3.570308757240531,STRAY
3.5693559848199494,LUNAR
3.5690399095780494,SEPIA
3.568783185223589,RECUT
3.5683587750706183,BEARD
3.565722836642246,AFTER
3.564609263740563,SPADE
3.5635711630321993,READY
3.5627305969894176,ANGEL
3.561670322749225,CHAIR
3.5616548403658874,GLOAT
3.561352552723774,BOAST
3.5595565472691786,DRAKE
3.5592752521955746,SWORE
3.55887927582392,CARVE
3.558647108496844,SHAME
3.557852913396582,HAREM
3.5570594703622422,SNAKE
3.55695070041001,SHOAL
3.5563576983072247,METRO
3.5551913728288818,RECAP
3.5550188153759654,MORAL
3.5543802898909265,MINER
3.5525507756841805,HORDE
3.5514109744463487,SURGE
3.550443050881922,PRINT
3.5502776329670405,ROYAL
3.5502309869042636,GRAIN
3.5494262047065543,STYLE
3.548801816247444,BLAST
3.547376821013829,SPICE
3.546587011330775,BLADE
3.5463877398685804,TROVE
3.5458090396794457,SUPER
3.5452485738608965,BARGE
3.545177290499272,MANOR
3.545026033249276,SPORT
3.544926602955892,UNSET
3.5446408870687307,DECAL
3.5436330730421313,GLEAN
3.5425579625738566,NADIR
3.5402249101421046,FLIER
3.5400626146848335,CRUST
3.5381262505826983,EMAIL
3.537707680014142,WREST
3.536922650439331,MAPLE
3.5368483980898837,UNTIE
3.5365909370198834,SMELT
3.535621625701895,GROAN
3.534498248759398,BLOAT
3.534048501111977,CRASH
3.5338337447115844,COMET
3.533742201301823,HOUSE
3.5333898741217986,STRAP
3.532741675562348,ROACH
3.532426588148677,BRAIN
3.5319033920336302,RIFLE
3.5315638884038045,ABORT
3.5309321542991547,SINGE
3.5307227154873426,FETAL
3.53062810695752,ROUGE
3.5303603884614194,COPSE
3.5301023709831174,GRUEL
3.530036759958662,TEASE
3.5297203456878337,SWEAT
3.529164377739355,FILET
3.527341747218147,REIGN
3.5272552931414753,STEAM
3.5271652719720414,AVERT
3.526132796299262,CRUDE
3.525951701620512,AGENT
3.524714703592929,TAKEN
3.524569393342047,RAYON
3.524196178016444,ULCER
3.5241197094291605,CHOSE
3.522588336955583,TIDAL
3.522560397915754,SPLAT
3.521452231102734,SPENT
3.5208717935742064,PULSE
3.5206751189029664,PRIME
3.5192830738492753,GAYER
3.5192696815652975,TOWER
3.5188488409052785,OPERA
3.5186532658143888,FACET
3.518395429086717,LABOR
3.5163016149839583,HOIST
3.516211194447337,SOWER
3.515802875085294,PLAIN
3.5157425253260923,DEBAR
3.515330267099604,ALIVE
3.514533699163845,TORUS
3.513850628446915,SKIER
3.513795272007151,GUILE
3.5133700689820517,ULTRA
3.5132019239720393,CAMEO
3.512781524196539,ERASE
3.5126365460109485,DREAM
3.5118024051473182,STAID
3.5114522434865743,GIANT
3.509991155923447,FRAME
3.509253503291703,STAVE
3.5090572550160104,SERIF
3.508489668918552,FORCE
3.5073755633524653,OLDEN
3.5066296336008262,REFIT
3.5056272229550416,DECOR
3.5054324741418927,IDLER
3.503896196106629,CREDO
3.503079561824634,ROGUE
3.5027689399212396,RADIO
3.5023671545383603,FRAIL
3.5019350564108893,ADORN
3.501384287517119,BREAD
3.5011599369616095,BATHE
3.5008479214076274,THORN
3.5007175206619574,BARON
3.500193879655489,ERUPT
3.499489726904543,PEDAL
3.4992935943257812,FLAIR
3.498793191889214,REPAY
3.498653734168112,OTHER
3.498650731322829,PLIED
3.4982529164465905,AMUSE
3.4970119697253423,RAVEN
3.494470166323142,GRIPE
3.4944037920070317,SLOTH
3.494261021085858,HOARD
3.4932036395753596,LEASE
3.4926868224419274,PECAN
3.491659923164513,BRIDE
3.490796978206546,OCEAN
3.489406192865434,GAMER
3.4887526083408096,MEALY
3.4878849630788435,SHIED
3.4877997100066875,CRAFT
3.4873112578282277,FILER
3.486895083072287,BOULE
3.4865757314858836,TRAWL
3.4859791519454317,STAND
3.4853653952794685,RIVET
3.485086733826175,RETCH
3.4847154122971817,DIRGE
3.4846870515238697,MOUSE
3.4846134722672315,APRON
3.483319504555819,TUBER
3.4830561080592526,DAIRY
3.4816132262318145,TOWEL
3.4813713851846715,BLAME
3.4811891760526983,GROPE
3.481059372880458,SNOUT
3.480479663424922,CREAK
3.479182095327709,SHORN
3.4788470402576217,MATEY
3.478785603453883,STORY
3.4787414732645194,MOIST
3.478715824538239,OPINE
3.4782039263083626,IDEAL
3.4781021909231855,CHANT
3.4777892986843546,SCORN
3.477362099280643,NOBLE
3.4767893260376224,POINT
3.476709790316259,TREAT
3.4764673516493123,PLEAD
3.4763508997401846,MEATY
3.4760899215901055,ASHEN
3.4759799729103262,OUNCE
3.474551628750054,DELAY
3.473803815050814,SPILT
3.4736955234691917,GUISE
3.4715286556087963,WAIST
3.4711633172979597,DIARY
3.470648639275714,BLUER
3.4706336066121564,PESTO
3.4666633625167407,PARTY
3.4666149602343705,ANKLE
3.4657589626908005,CLOUT
3.4648928826998833,TARDY
3.46229999695176,BRAKE
3.46186306270773,TERSE
3.461745872579795,ELATE
3.46159158687497,SOLID
3.460855620684571,SHARD
3.460725934717906,SCARY
3.4604945840413004,GRIME
3.4595688495984787,PROBE
3.4593201864412846,PILOT
3.4593054129937975,DAUNT
3.457948672448169,BROIL
3.456295181933478,TWINE
3.4555758650890507,HAIRY
3.4551402192251897,ASCOT
3.454267938705746,SWINE
3.4539374307265853,TRITE
3.453016783835978,WISER
3.4527841648987585,SUGAR
3.4523964794016404,SERUM
3.452260797894113,WEARY
3.452242679944794,CIGAR
3.4520592273896944,FLOAT
3.4515282737714057,SCOPE
3.451525338219482,WHALE
3.4508914623328972,CLASH
3.449974645766381,FINER
3.449623858648811,NAIVE
3.44800739182464,NOSEY
3.4476407797259676,CHOIR
3.44723936317218,RANCH
3.4469091068507347,VOTER
3.446303875618163,ABUSE
3.4443537982316794,POSIT
3.4442171074865153,SAVOR
3.4432449002140975,MEDAL
3.442945790726264,OCTAL
3.441930415386718,INTRO
3.4418980610490624,FAINT
3.4416509507595596,FROST
3.440937942958815,LOWER
3.440418589732096,PATIO
3.4395449347584557,NORTH
3.439327654994049,ORGAN
3.4393205264610582,COUNT
3.4389887864413615,OVATE
3.438795203147493,SOLVE
3.438577307854977,PHONE
3.4372863890200223,SHAKE
3.4370281676141934,CHEST
3.4363436581106157,TORCH
3.4358065317368194,HAUNT
3.435787988304674,SLANG
3.4355585882187927,CLUED
3.434884841079629,ORBIT
3.434626859475546,PRUDE
3.4338714268119817,REBUT
3.43293624646246,RIDGE
3.4317788392124355,CLASP
3.4317211345851657,AMPLE
3.4313961017781267,SPIED
3.4305522434413933,ENTRY
3.4299260925183472,MELON
3.4296799322271365,SCOUR
3.429098539163831,EATER
3.427881343956322,CARGO
3.426366326207009,BAGEL
3.4263656855497846,CRONY
3.426362692789478,STRIP
3.426358459779797,WRIST
3.426028297677757,GLIDE
3.4249077686915776,CRAZE
3.4246898548696985,GROIN
3.424666691563901,LATTE
3.4233735246648993,FRONT
3.4231258410025234,IRONY
3.423026088640766,MINCE
3.422557870465371,BOARD
3.4223365211827743,SPLIT
3.422291911836626,STARK
3.4216300535760196,WORST
3.420546865082701,STOKE
3.420179876295167,PEACH
3.42001299443104,PIANO
3.4190901981351365,STEAK
3.4189041660942125,SHARP
3.4186037567765215,HOMER
3.4181572306018624,GROUT
3.4165891730694344,BASIL
3.4165456937930347,ALOFT
3.416415586401573,SPOIL
3.4157814521973395,CHUTE
3.4157675917335646,GRAVE
3.4141400171469947,SLEET
3.413860038793513,COUPE
3.413838022033516,MARSH
3.4136678148258244,BATON
3.4136529668577182,GUEST
3.412157475094585,FIRST
3.411998732135462,DAILY
3.4118832287361123,MANGE
3.4118105017024676,SUAVE
3.4114504394165377,FLIRT
3.410873526899892,SETUP
3.410511054252138,TRACK
3.4103580585873945,MODEL
3.4097862471449307,FRIED
3.4093793215229224,UNCLE
3.408553863236107,SCALY
3.4076343132706244,TONIC
3.4073774471842047,TRULY
3.4073673611056043,ADEPT
3.4072820044171084,ACRID
3.4065835367689403,DEITY
3.4053180530364724,ALIGN
3.405171876444743,FLAME
3.404405024414254,TERRA
3.4028947711827673,LEMUR
3.4026723273210493,TRAMP
3.4025740441590524,SCALD
3.4024998793218955,CORNY
3.402316289613025,TASTE
3.4015455764065012,CURIO
3.4015252989197853,BRAID
3.400988068401032,BERTH
3.4007326895531063,SONIC
3.4007088452226855,LEMON
3.3996664135747254,TOKEN
3.3991505244761773,SCRAP
3.3988322692461486,STATE
3.3984040291706417,NAVEL
3.397978324143715,SNEAK
3.397977924836392,DRAFT
3.397966391346927,TWICE
3.397723183686671,COWER
3.397691138785522,SINEW
3.397095854042283,MINOR
3.397021938367211,CHAIN
3.396577448198013,UPSET
3.3965391142521457,CLAIM
3.396496175308689,SCION
3.3961311978017603,DEPOT
3.395580454194895,BROAD
3.394943377887466,LOVER
3.3945979119263088,BRAVE
3.393825821023789,DAISY
3.3935830137343084,GRAND
3.393336273939839,FLUTE
3.3933043159237966,PLAID
3.3928739609694794,BEGAT
3.3923815597913793,ABIDE
3.39218668666407,LATCH
3.392091570766693,CEASE
3.3911704739618838,STORM
3.3906603428655706,VALOR
3.390572874471871,MURAL
3.3889211387300957,NASTY
3.388435869871499,TRAIT
3.386360886486544,TANGO
3.386157535911681,ANTIC
3.38601061216659,RESET
3.3854691242597164,RHINO
3.3850467995951457,CROAK
3.3849629193638298,AUDIT
3.3849406202670616,MAYOR
3.384509529878948,RAPID
3.3843935791388464,SPURT
3.3834932527131505,SPRAY
3.383330274939869,FLORA
3.3829247766906994,ADULT
3.38281591364115,SADLY
3.382670910440588,VALUE
3.38241883567425,ABLED
3.3821164035665894,LODGE
3.381474733843873,INEPT
3.3808712678612514,OAKEN
3.3804161081797712,BRASH
3.3803582879488068,MASON
3.379749255639621,USAGE
3.379421410301709,FECAL
3.3791089691449705,STOIC
3.378785395731684,MACRO
3.3783689117461733,CRISP
3.377581528831933,WAGER
3.3770540870172523,GAUNT
3.376611600459048,SOAPY
3.376431089975424,EDICT
3.376347934052749,FABLE
3.3753077132708054,ABODE
3.3745856122905535,LIVER
3.3745395079140033,SKIRT
3.37331983964861,BRAND
3.3730538357682724,RALPH
3.3730092112625343,FOIST
3.372452260233364,ALONG
3.3718700288983605,DUNCE
3.3718028031191833,TODAY
3.3718001341933386,SHAVE
3.371663600078192,AMBER
3.370986253574145,SOUTH
3.3704329752428435,ANGST
3.3699963528363415,STONY
3.3698741053254317,CRAWL
3.368660118910069,UNDER
3.3684645325875517,SCOUT
3.368250439377436,GRASP
3.3681087479364,CAGEY
3.367089094917837,SCALP
3.3664671139643345,AMBLE
3.3657541515807607,GLINT
3.3653629813465775,TEPID
3.3647959060285006,STRAW
3.364641109901177,STALK
3.363376597910076,VERSO
3.3631412232488818,ALOUD
3.3613305585131803,SHOUT
3.3610623601280443,SURLY
3.360966743616535,CHARD
3.3606626364377146,THIRD
3.360033164696437,COBRA
3.358784579122953,POESY
3.3583010635502917,TONGA
3.3579501503498785,LUNGE
3.3567721382405233,HONEY
3.356020859712709,TAROT
3.3558387040940225,PINEY
3.355693901242436,ADOBE
3.3543938544058833,SCRAM
3.3540500057035287,CHIDE
3.353626675996843,UNLIT
3.3530243014318435,REPLY
3.3526535766558703,ROUND
3.3525284845907866,STOVE
3.3521806842456114,NOISY
3.3518764114204265,FAULT
3.351720800493699,CLOTH
3.3516981814784383,RANDY
3.351555010682624,TUMOR
3.350750780901827,CRANK
3.3505019074207993,WEIRD
3.350392061435532,REHAB
3.3494481842756603,DRIVE
3.348064335305226,COVET
3.347949042332292,GAILY
3.347905901425775,BASIN
3.3477892597406282,MOULT
3.3471918932981266,PATSY
3.34638211785162,MAKER
3.346152166418464,WRATH
3.3461240822643106,PIETY
3.3448674516064765,PALSY
3.3433208815365134,HALVE
3.342695647311021,COVER
3.3426469768678633,SAUCY
3.3425720963223124,LIKEN
3.342504790166982,PURGE
3.3420870889717245,IMAGE
3.341875235737186,FORGE
3.341003767172211,BURST
3.340882862561424,CHAOS
3.340449575654614,PERCH
3.3392041142311806,WHEAT
3.3381811100983487,DROVE
3.3376744330248096,LURID
3.336607784952153,ARENA
3.3355475222075897,GUILT
3.334891531369209,SLURP
3.3336923370525864,LEAFY
3.333637078492065,OVERT
3.3336175623004705,LUMEN
3.3335054998962095,DEBIT
3.3334710623146973,CLOVE
3.333369220847446,OWNER
3.332761533073094,GLEAM
3.332633809027601,VOICE
3.3323707967863796,EASEL
3.3323649854599036,FELON
3.3322844335000625,OLIVE
3.3322137722204923,GRUNT
3.331988365039814,CHAFE
3.3317405627371466,TITLE
3.3316451915745833,BLURT
3.331526096086711,ROBIN
3.3307843212476103,VIRAL
3.3302400751819077,EATEN
3.3302029557306114,GRIEF
3.330148155448364,THREW
3.329570394059844,SHREW
3.32856312766434,CAPUT
3.3284987234658625,ELITE
3.328377239160739,CLEFT
3.3281051282618037,FRUIT
3.3275772306658897,TWIRL
3.3274575767853194,BAKER
3.327279298368343,SCREW
3.326662611891184,GRAFT
3.3265213413732213,CLERK
3.325306946953933,PROVE
3.3251895707437784,AMEND
3.3246542292399326,BEACH
3.324270519218127,WHILE
3.323595670518889,GOLEM
3.3229497816321807,DONUT
3.322682841084952,RABID
3.3215126072744128,NICHE
3.3214056944115162,UNTIL
3.3212421880731586,CLANG
3.3204429310663257,RASPY
3.3200965258867243,BRUNT
3.3196617241230686,FAIRY
3.3191167973923332,SWIRL
3.3174931141046984,STEER
3.3163545440255033,UNMET
3.316323821731861,SANDY
3.315535715610225,DIRTY
3.3153556930406753,MONEY
3.314964934246664,DECAY
3.3143987956616168,THIEF
3.31415946537029,TENSE
3.3133981475165353,BROKE
3.313321353211709,MEDIA
3.311728637882754,GLOBE
3.3109561993552057,INLAY
3.310859910509375,SPOUT
3.3107983248673536,AUNTY
3.310736433844366,BREAK
3.310491860425454,WHITE
3.31029122072087,BUILT
3.3092731570086165,SHUNT
3.3092047584999165,KNELT
3.3082257571668876,BROTH
3.3077725850445012,WHOLE
3.307704430527353,INFER
3.30617665531824,STANK
3.305948845497986,PANSY
3.3052852478062253,LOAMY
3.3048368225837743,TUBAL
3.3043928944113174,YIELD
3.304167041584176,CHEAP
3.303680851244312,GLAND
3.3035490261370017,SPERM
3.303492425038139,MOURN
3.303311320429109,LEAKY
3.3029622730012265,BIOME
3.3029329747270437,FRESH
3.302752048314317,BILGE
3.3022101143606633,WIDER
3.30176675272445,HINGE
3.301759943658746,BRIEF
3.3015690750299522,BURNT
3.300683380087218,WINCE
3.3006741146181686,CHINA
3.300268230274257,NERDY
3.3001711570972394,HABIT
3.30004479628099,CHIME
3.299660038478639,POWER
3.299420928842497,LOUSY
3.2988512556826435,CABIN
3.2984050951887562,DEIGN
3.297846000201511,FOYER
3.297461967810851,STORK
3.2974269608962956,SOUND
3.296823843282508,BONEY
3.296399667233536,EXALT
3.2960863477358475,USHER
3.296056837044597,PASTY
3.295062768302073,CARAT
3.294845856520727,RELAX
3.292762557909845,WARTY
3.2927535734581213,PINTO
3.292488338877146,REUSE
3.292397823401284,RACER
3.2920868498571063,FIBRE
3.2916246876478787,SLACK
3.2907661525172616,CRIER
3.2906610984200775,POKER
3.2905037918503117,RIVAL
3.2902439917270154,SNEER
3.2899905734348094,PANIC
3.2887096789449326,NOVEL
3.2887004919271634,HORNY
3.2878381606912734,DRAWL
3.287571932776688,SHARK
3.2865675480969068,MARCH
3.2863993854457667,MODAL
3.286058125977675,WHOSE
3.285791399570368,FLAKE
3.2857094236554296,DRANK
3.2853228834772716,LOOSE
3.285241745117342,FINAL
3.2851045693810823,HEADY
3.2846561843088296,SLING
3.284434120969393,URBAN
3.284301780980809,CROUP
3.283678974566283,FORAY
3.283062394798688,MERCY
3.283030567952214,MOUNT
3.282987920726112,TRACT
3.2818200471177716,PARER
3.281357545326872,ADOPT
3.280743773336808,TIARA
3.280688869246885,HYENA
3.2804034889537546,GUARD
3.279694733650828,OFTEN
3.2796732119357994,DECRY
3.279360656467359,TOAST
3.2792317449935084,BEGAN
3.2790378969060052,MIRTH
3.2779944632406295,STEEL
3.27744601881687,ALTAR
3.27715301480512,FIERY
3.2769595423726607,DOWEL
3.27667168096163,FLINT
3.275966786107068,GLORY
3.2753676254668824,LOGIN
3.2750196333879504,SCARF
3.274745219147241,DEMUR
3.274360813536303,HASTY
3.2741951720352964,APTLY
3.2739982471037723,TRUER
3.2732656502461004,RUSTY
3.2732510991416026,GAVEL
3.2721655016555395,CHARM
3.2721187258616022,FAITH
3.27168719355833,CRAMP
3.2716638145770593,PRANK
3.271530382303011,START
3.2714294227617513,SCOLD
3.271335400930977,WAFER
3.2709170662635554,SWORN
3.270480674938164,BLAND
3.269394038899979,CLOAK
3.269194451063841,TRICK
3.2691924290907037,PLUME
3.2683480598437535,SPEND
3.268311418000624,REBUS
3.2673862162460865,GUIDE
3.2669823343471425,GIRTH
3.2663106784732068,SPIKE
3.265164767477355,TULIP
3.2648333850838833,CRUSH
3.2647629439839356,SHAFT
3.2646704916122107,THREE
3.2646016246603415,FLYER
3.264265752244779,VAULT
3.263030435141009,SCREE
3.2627667424803524,GROVE
3.262466457912341,COULD
3.2617896763511567,CURVE
3.261610637920311,RISER
3.26148747576777,AZURE
3.2603350497989214,OMBRE
3.25974897638929,SPURN
3.2587719009127443,TANGY
3.258179220890385,CORER
3.2578034069606123,SALVO
3.25770559242247,GRAZE
3.257019156355719,ASSET
3.2557374058589037,VITAL
3.2556734331209105,WHINE
3.255377214878494,GONAD
3.254324903666729,DICEY
3.2538991122779457,DRIFT
3.25359671198616,HAVEN
3.253064296986361,MANLY
3.2522202104932556,DRAWN
3.2519417881899595,BACON
3.2516245938817305,BADGE
3.250185856802967,ELFIN
3.24895204109167,CLANK
3.248539290647877,ABOUT
3.2475351260300753,BIRTH
3.247259815628495,FREAK
3.2442732427403453,DENIM
3.2438181875656285,DEMON
3.2435270762103015,GNOME
3.2429178023262737,CHORD
3.242634446633731,FROTH
3.2423217452181206,HOVER
3.2422988807503885,MOWER
3.2419011620993987,DIVER
3.241753582136964,INANE
3.241497872106297,FLOUR
3.241262050062907,TUNIC
3.2409828838872863,TAINT
3.2407138593009974,CURLY
3.240435091491793,AMITY
3.239612083023425,PRISM
3.23924854361431,AORTA
3.2387808902629107,COVEN
3.2380674814080797,HOTLY
3.2376894289588987,MICRO
3.237128191132666,BLEND
3.2368427732203786,SPARK
3.2367476080762962,PROUD
3.236549568081296,SPOKE
3.2364662851578374,SURER
3.235501421426103,OVINE
3.235294406430967,SPEAK
3.2350057669754,ETHOS
3.2339801677253472,LADLE
3.2338572428066277,PATCH
3.2316399874369552,DWELT
3.2312511030901447,RETRO
3.2307309246886122,ANGRY
3.2304844435995395,VICAR
3.2299636913006746,CLOUD
3.2291796285790615,SLINK
3.2283588432113457,GIRLY
3.2275011999897814,SHOVE
3.2274079666850284,TOPIC
3.2273305839335533,FIELD
3.2272599556525723,GNASH
3.2270149233102607,BINGE
3.226782910896529,THERE
3.2259569588397468,GRIND
3.2258366933468903,FIBER
3.225641647948571,PRAWN
3.2255584136800417,MANIC
3.2253727757207202,VOILA
3.225280565103564,BEADY
3.22517931409538,SLIMY
3.225067745430374,FLASH
3.2249188740795423,BUYER
3.224432182864967,VISOR
3.2243154256603113,NEIGH
3.223819791530576,WREAK
3.223546275313416,SHINY
3.2225187330303235,INCUR
3.222320416067354,HARDY
3.2218208292828523,TEMPO
3.221704078009508,TOUCH
3.2214680160410722,FOCAL
3.2214361659703887,ERECT
3.2213037410827323,GREET
3.2201235838004365,TURBO
3.2183319890201982,FETID
3.2180525784157386,PORCH
3.217387249376554,IMPEL
3.2171805165672627,BLOKE
3.21688119513886,CAVIL
3.2164643025824535,BRINY
3.216215420740108,TROLL
3.2160382048052623,FORTH
3.2155595485220427,WIELD
3.215076533143229,GHOST
3.2142233386906223,PRIMO
3.2139829870656125,LOCUS
3.2136579998336896,CYBER
3.2131880838330447,DOPEY
3.213058042549655,SWATH
3.2123796804353266,PEACE
3.211304126539003,BISON
3.209408725475959,ROOST
3.2093727857019356,FLESH
3.209263029392098,CHURN
3.2085276066827557,DRIER
3.2082907930107885,SPREE
3.2081514689479724,AGREE
3.207355799652485,STACK
3.207259477885099,GRAPH
3.2053867535809717,FLOUT
3.204961431474268,BLUNT
3.2046538671211624,TIPSY
3.2042757136769997,VAUNT
3.2040721022331335,STING
3.203178161001336,HOVEL
3.2031041681456944,MIDST
3.2029216167764254,CRYPT
3.20227838570144,STAMP
3.201883344830582,THROB
3.2009722532517544,BERET
3.200894207836018,HARPY
3.2006989354774884,SHAWL
3.2002701770168973,FRAUD
3.19965950914704,SMITH
3.1991418013532673,ADMIT
3.1975268028248447,VIPER
3.197077514282161,RIGHT
3.1964158699367076,SHELF
3.1962750023840254,LURCH
3.1961382500750464,EIGHT
3.19495605900827,SMOKE
3.1948645897012997,VAPOR
3.1947231524194755,VIOLA
3.1942128466400095,PRONG
3.194093109357935,LYRIC
3.193119325280197,DETER
3.193024798309348,WELSH
3.192335498253919,TRUNK
3.1923126514030926,WAVER
3.1923077302630394,TULLE
3.1922352740606232,CANDY
3.1916037100396557,SHEER
3.191196617711735,FORTY
3.1911440330655263,NOOSE
3.19080749223203,MOVER
3.1907833219706143,NOTCH
3.190698977660899,BASIC
3.1904181605212307,RHYME
3.189920958153337,DEBUT
3.189643509460231,LUSTY
3.189137078654654,ABHOR
3.1889465721906602,CROWN
3.1884649236983442,WIDEN
3.1875778939080877,BLEAK
3.1873328999877457,REARM
3.187189171671813,WAIVE
3.1861688258977106,PRIZE
3.186156249108681,SHEET
3.1854273917698173,SHEIK
3.185410902866334,INGOT
3.1851163064699315,THANK
3.1846607256712707,WORTH
3.184594594793393,BUGLE
3.184050768289596,DISCO
3.1840412842701045,BRAWL
3.1838805845453537,GOURD
3.1833965396282977,EAGLE
3.1833219357157136,TOTAL
3.1829696654754875,SWEPT
3.1829655693241428,SHADY
3.182028330276573,AUDIO
3.1799979672221244,ALLOT
3.179630110191984,ERODE
3.1784892722380524,BOWEL
3.17809982291184,SNACK
3.1772631413373573,CHIRP
3.1772220163096208,MAYBE
3.17706499769711,PAPER
3.1770527144305754,OTTER
3.1770463393242703,STALL
3.17668616011699,GLOVE
3.1762644180078743,SWARM
3.1757779501290226,AGONY
3.1757181454204852,SHANK
3.1752588396447785,FROND
3.174910501280652,SPRIG
3.1741547792494185,NOMAD
3.174040577514205,HYPER
3.1740284537992345,DECOY
3.1738261326912474,GIVER
3.173715348989194,ENTER
3.173585711917358,WORLD
3.1734775951969536,LINGO
3.17330732599557,CAULK
3.173020211276548,MATCH
3.1727313507534687,GLAZE
3.169392326310854,CHIEF
3.168784121414172,PLANK
3.1676424081121173,FETUS
3.1666592470727823,BEFIT
3.1666418319014764,DREAD
3.166296891012904,CLAMP
3.1658928651229803,KNEAD
3.1657663399876355,BULGE
3.1647983713303423,TAWNY
3.1642467955922466,PREEN
3.164114744416855,UNITY
3.164004451860872,AWARE
3.163933481460609,SPINY
3.1632839259451155,EVICT
3.162706709086668,ANVIL
3.1626950645906136,PSALM
3.1624193577930684,MONTH
3.1623719132257406,EAGER
3.1622740893398364,DEPTH
3.161947616677987,LAUGH
3.1618884389058652,CHOKE
3.161783683917543,SLICK
3.1609587969997905,FIEND
3.1604914580011347,ALGAE
3.159885686479221,CLING
3.1596710908494257,LINEN
3.159017323365126,EXTRA
3.1579883839920178,AGATE
3.1555165636512443,BUSED
3.1554993529061806,CHILD
3.1550437833652523,DEVIL
3.1548328987140035,DRIED
3.1547882899075548,THYME
3.1541724455867968,STINK
3.1533894016302444,BEING
3.1530013615399657,SUMAC
3.1528608426470743,MASSE
3.1528293764916406,MAIZE
3.1526766718020203,MOVIE
3.152347012755939,CHASM
3.152249942277192,LEFTY
3.151446235276185,EXACT
3.1513140188564863,HAZEL
3.150683163139161,SIGHT
3.1501468216334487,SYNOD
3.1499397378530785,LAPEL
3.149542752042698,SHIRK
3.147735056598837,GAZER
3.1472316242877048,EPOCH
3.147093226295786,RULER
3.1468851696349627,BEGIN
3.146709032032617,BICEP
3.1462195491437646,SUING
3.1460030751955754,ROUGH
3.1453425948291636,ATOLL
3.1444818036776154,SWORD
3.1443358436258726,ALLEY
3.1439935196290025,ETHIC
3.1439628906668955,ABATE
3.143693061304217,AWOKE
3.1432872248167714,MAUVE
3.1428929273829476,VOCAL
3.141891463646968,BELCH
3.1416389317408377,APART
3.1412489210131755,BRAWN
3.140917443937428,VISTA
3.140899216126537,BATCH
3.140676576944909,ESTER
3.1398146516124066,BLAZE
3.139541935617027,BLOND
3.139146237835533,SLUNG
3.1390249399598438,QUIET
3.1389766030160398,PROWL
3.137261212099986,DERBY
3.1361148086653974,AFOUL
3.1344078016980954,YACHT
3.1342225522007197,TORSO
3.134078174143126,HEATH
3.133962287602754,HUMOR
3.1337292150998186,LOGIC
3.133414940956623,REBAR
3.133280480380857,SAVOY
3.132866811619875,GAMUT
3.132669401294139,WOMEN
3.131295066064736,GUSTO
3.130570617392332,QUART
3.130391559366098,METER
3.1303044688294217,CRIMP
3.130151907873997,DRINK
3.1296902277153653,FEIGN
3.1296324209490343,SLEEP
3.1294934382559854,EXIST
3.128900770130231,SHIFT
3.128720911558012,SNAKY
3.1285908592737495,POUTY
3.1281794051564,DATUM
3.127802169576721,WHIRL
3.1275048320095724,DUVET
3.1270960444245173,GROUP
3.1247090281765377,TRUCK
3.1236823741536743,MIDGE
3.123285002681623,THROW
3.122496440473664,GENRE
3.1224526819729554,FRANK
3.12212620332831,VEGAN
3.121732253453492,CREED
3.120940046531516,SPANK
3.1190910536956316,ABOVE
3.118661129636622,NUDGE
3.118556125926423,DOING
3.1181290813261286,REPEL
3.117995054387007,THESE
3.116596007894648,THONG
3.1163196436630414,CRASS
3.1148525343884272,EBONY
3.1145180312290974,TROUT
3.1145050473097333,PUREE
3.1144065371600527,VAGUE
3.1122944521890266,BLIND
3.1118207117970247,BRUSH
3.110722105397468,DROWN
3.110638179447705,OVARY
3.110228860023563,RIDER
3.1096622721163603,ABASE
3.1095820911988343,DENSE
3.1094315104978216,FLUME
3.108847559240127,VALID
3.108741582459325,LUCID
3.108325669106963,ELECT
3.1082990996658686,INNER
3.107446663283268,PLUSH
3.106659170125476,TRUMP
3.106128483905974,GUILD
3.1058385753843503,NIECE
3.105327196703086,BIGOT
3.1050755796065705,MADLY
3.1039654359634636,FEMUR
3.1039161023842734,TITAN
3.1034119696200424,SIGMA
3.103337946853825,SPICY
3.1032310082594687,OMEGA
3.1031612719694186,MOUTH
3.102566717989427,MANGO
3.102444010979951,QUITE
3.1020909326180788,JOIST
3.101321068288564,LIGHT
3.101134289955314,MEDIC
3.1009343054453393,LEPER
3.10062944131007,BRAVO
3.100466791074255,SYRUP
3.0995838072554296,APING
3.0986451919146365,NATAL
3.0981343492666635,ELIDE
3.0979787936579855,MINTY
3.0959272108486804,GREEN
3.095487559684879,TOUGH
3.0950695118509395,CREPE
3.0948096854216476,SHEEN
3.0946029985557075,BIRCH
3.094457826757463,APPLE
3.0941581848475836,TWEAK
3.09405547320519,CLINK
3.0939907660552266,BENCH
3.0932260303124854,LANKY
3.092918014024011,CRESS
3.0916342787056967,SCENE
3.091162415394025,VIDEO
3.0911504641700613,TACIT
3.090682769671885,HOUND
3.0906710624108147,QUOTE
3.090468844369241,POUND
3.0901783347943925,CHALK
3.0895439571771397,THRUM
3.089090264917524,ARDOR
3.0881372100102396,BADLY
3.0875804540716407,SLUNK
3.0871850420850504,SCRUM
3.08646598011001,INPUT
3.0847110730042746,ADMIN
3.084697934204444,TAUNT
3.084535262543056,HANDY
3.0843302738340848,CLOWN
3.083841631554052,BRING
3.0834796322607563,LEERY
3.083179978991151,TRUST
3.082948841948625,YOUTH
3.0828893242118482,OPTIC
3.08220704993637,GROWL
3.0821336613916603,ELDER
3.081314973852707,LABEL
3.081225373626722,CREEP
3.08097288410137,RIPER
3.0801688235227087,SHRUG
3.0796638089774775,THING
3.079192743083141,BLANK
3.078928346747632,DITCH
3.0786391155267006,POLKA
3.078574128981669,STILT
3.0782392587168252,EYING
3.077307354289839,DOUBT
3.0770035910409312,SPAWN
3.0764912273300338,RERUN
3.075917129028794,PITCH
3.075879065430403,CANAL
3.0746320410466184,ZONAL
3.0739661024190577,KNAVE
3.0738595646011273,RODEO
3.073708259309963,SCOWL
3.0735254496030167,RURAL
3.0733441480813912,UTTER
3.0730883361166543,CROWD
3.072801992658412,SIEGE
3.0724309902718483,ORDER
3.0718384438622945,FAVOR
3.0709084628197743,STOCK
3.070457404659358,SCAMP
3.0702172817612663,STICK
3.069725924223574,LUNCH
3.0694520277782806,BUILD
3.068898286958828,GORGE
3.068480779119556,FETCH
3.068031310490258,BELIE
3.0674077722614994,BRISK
3.0673984482424643,ELOPE
3.0673515346499953,GHOUL
3.0661291103616772,COVEY
3.0657137359748203,AMONG
3.0653557797520854,POSSE
3.0651363291533555,BURLY
3.064947353801859,STOMP
3.0647840466519836,BONUS
3.0634407125199217,TITHE
3.0632434180299923,RETRY
3.0632011160155166,FILTH
3.0630429316877335,MORPH
3.060767815514779,SMIRK
3.0604895780598986,MOOSE
3.060349918646357,BELOW
3.060194067372868,PERKY
3.060050059569873,GIVEN
3.059492617340573,WELCH
3.0588060555399177,ROGER
3.0586548004248932,LASSO
3.058418942725543,CHEER
3.058320234810769,HEAVY
3.056472912139964,REBEL
3.056323488105562,STEED
3.0560988133819538,BETEL
3.055566289981593,BESET
3.055393161496668,STUNG
3.0550571265567603,RATTY
3.0546769622989514,CREME
3.054398475718406,WATCH
3.053526532423297,NASAL
3.053131484139858,TYING
3.052681920590784,CELLO
3.0524711211638413,BRIAR
3.051888815819301,JOINT
3.0483677202039017,STILL
3.047733168831073,MINUS
3.047431724955841,SILKY
3.0469070839130685,EGRET
3.046616861759613,PRICK
3.04620566059746,THETA
3.046189668495589,SHALL
3.04563479838882,TUTOR
3.044528218921172,FLASK
3.044207042955899,LOFTY
3.0439057048291773,RUPEE
3.042925238063936,BRIBE
3.0428855859506987,NEWLY
3.042383067590457,STOOL
3.0420695061985343,PIPER
3.0420530568178465,WAGON
3.0419402950221985,COLOR
3.041667324425259,TWANG
3.0414946500404025,GOOSE
3.0411308858655857,SHACK
3.0410434198200726,FANCY
3.0400503841310553,HUMAN
3.039680476600409,CUMIN
3.0394011581328626,LEAVE
3.0385395135122133,LIEGE
3.0380983377186976,GENIE
3.0373698742522697,DIODE
3.0373460062781246,HARSH
3.0373257524584054,SALAD
3.0367842180648985,NOBLY
3.036427852708282,GRIMY
3.0361676646661278,APNEA
3.0356688915286205,MOUND
3.0352274205782366,PHONY
3.0349829175356113,PIXEL
3.0348329975493273,THINK
3.03397986039587,PAYEE
3.0337570724238603,PIECE
3.033263778527246,SHELL
3.0332559346455628,FLEET
3.032576396920232,EXTOL
3.0314743710390326,BRINK
3.030341073187184,CACHE
3.0287279461132393,PRIOR
3.02856942018782,MACHO
3.0283942647280506,PIVOT
3.0282560461834693,ARMOR
3.0282315274796665,WOMAN
3.0281761813379515,CLASS
3.02809623916515,LEGAL
3.025596575840598,TACKY
3.025199229435072,STEEP
3.0248730262316665,WRONG
3.024228671714927,SEMEN
3.0241096188807095,ALARM
3.0236395646799887,BLUSH
3.023557066728254,QUEST
3.0213360813007224,STUDY
3.0210245363451316,GROWN
3.0206312691681227,DINGO
3.020592628190077,TOTEM
3.0201255790355566,PINCH
3.0200802929682435,CIRCA
3.018196218406978,PURER
3.0181945302411837,DUSTY
3.017627733195036,BOTCH
3.0173089136238933,RISKY
3.0172538356314678,SHRUB
3.017134554526438,OCTET
3.0169946735516473,RALLY
3.0164982943830556,SHAKY
3.016434718585152,DROLL
3.016350440034092,WRACK
3.016050853789034,WENCH
3.0150775343991256,VOWEL
3.0149735991182203,DRESS
3.01441784963428,SCRUB
3.014240463326304,HYMEN
3.0141965673302638,KNIFE
3.014103224265103,CLUNG
3.0139163021457005,SEWER
3.013369351287031,GODLY
3.011979875902117,VIGOR
3.0119539587687787,STUNK
3.0118317590917014,SALLY
3.01063147742454,SAUNA
3.010168240592103,TALLY
3.0099510530813305,LYING
3.0092913008133086,SERVE
3.00915350147573,MOTIF
3.008955802364422,FROZE
3.0088415753474105,SQUAT
3.0085000195111107,MAGIC
3.008431967564515,CANON
3.008087721445958,SLUMP
3.007989821414188,CARRY
3.007784208488463,GRAVY
3.007700482274514,STINT
3.0076098800925677,JAUNT
3.0060554970550064,VIRUS
3.0059022060150498,DROOL
3.005754672179297,JUICE
3.0057425325280005,FLUKE
3.005558342321642,BOUND
3.0053763290906454,SLASH
3.0051478000902865,SHOWN
3.004900589933618,PRESS
3.004385560653856,DRILL
3.0029597131160166,FLANK
3.002754411443408,AVOID
3.0026249186952647,POUCH
3.0022571784620053,NIGHT
3.0015493221912877,BOXER
3.000777795305903,BROWN
2.999701988580375,SORRY
2.999066969841559,VOGUE
2.998544304942322,BALMY
2.9984961535395214,HYDRO
2.998086724628249,VERSE
2.997579914953489,BEGUN
2.99734180063147,FRISK
2.9971412925388004,GAUZE
2.996768252720472,DOZEN
2.996581324218351,WRING
2.995833973619704,MOGUL
2.995487605713011,IMBUE
2.995384778885473,EXULT
2.9950093387856986,ARBOR
2.99370009484188,SWAMI
2.9933188767018453,RECUR
2.9928322012399957,WOKEN
2.992805472821019,BLACK
2.9923643601795535,MOCHA
2.9914094850566224,DRUNK
2.991313759709188,TOXIN
2.991177663300942,SNOWY
2.9906032939530047,SCUBA
2.990427044979299,TROOP
2.9900037292462383,LOCAL
2.989377026732886,SPECK
2.987576544221774,ZEBRA
2.9875109814788274,UNFIT
2.9874191165569544,CRAZY
2.986171508390831,SWEET
2.9860165897367175,TENTH
2.98583251101181,VOMIT
2.9849100226186773,PENCE
2.9841636860957945,BAYOU
2.9837699786734238,FRIAR
2.983608240241423,CRUMP
2.9827130848750203,APHID
2.982458484614316,VENOM
2.9821910063924664,AXION
2.981256497020186,ETHER
2.980590557169276,SMACK
2.9802819970567853,WOULD
2.9799336594986343,SPELL
2.979185281296632,AMPLY
2.978617143251328,MAJOR
2.978599976962176,RUDER
2.9782841439832137,WRECK
2.9774210943135064,MANGY
2.977043858463323,WEIGH
2.976464682120371,STRUT
2.975974795443979,SLEEK
2.9757524715434136,IVORY
2.9752475472707394,CROSS
2.974462553327796,DIMLY
2.9733612693902716,ASKEW
2.972823831809072,GAUDY
2.972316046650374,FOAMY
2.9717770531422847,EQUAL
2.97083272914428,PITHY
2.970566395085818,ALBUM
2.9687770310008577,MUSTY
2.968387440942652,GREED
2.9677908208480006,MOLDY
2.9676945528228686,MUSIC
2.967408537879006,ELBOW
2.966281846112941,UNFED
2.9647841565612265,ENSUE
2.9634409989938226,GRASS
2.9624549311216066,GUSTY
2.962278635669035,GAUGE
2.9619000626558663,HENCE
2.9614848217391105,TRUSS
2.9606949354634895,BUDGE
2.9601882218324103,BRICK
2.959063969414197,WOOER
2.9587655512884283,WOVEN
2.9582710187208408,HEFTY
2.9581328733543844,AROMA
2.9558333752466637,RUMBA
2.955367220256554,TRYST
2.9553057446949764,SEVER
2.95529271012355,COUGH
2.9546201476789777,WORDY
2.9545338571736717,DOWRY
2.9542824098017224,WHELP
2.954149417195699,DETOX
2.953605968258432,FORUM
2.9528179317870444,FLUID
2.9523087871569995,LIBEL
2.9521541391142594,SHOOT
2.9517609457545593,ENDOW
2.9504709959176467,DUTCH
2.949144777530268,FLUSH
2.948469097158009,JOUST
2.948336225914362,LORRY
2.9475681655888826,ELUDE
2.946428681270787,OUGHT
2.945765685052472,SMALL
2.945481974798908,HELLO
2.945464667372255,ADAGE
2.945427343544355,QUAIL
2.9454155519976375,DONOR
2.9441553408466388,ROCKY
2.943414244466599,BREED
2.9429586124069105,SWIFT
2.9423027365847316,DEUCE
2.9418181551408256,TASTY
2.941547951621544,SEGUE
2.9407872000712905,CHAMP
2.93968174251488,BORAX
2.9390844672294776,HELIX
2.9390497532156736,LYNCH
2.9384482161842613,QUILT
2.9380124125276548,CLIMB
2.9379434764671393,UNWED
2.937133209009302,TESTY
2.936948101502681,FROWN
2.9357597863183136,AGLOW
2.9356723699772886,SMELL
2.9354137904645645,BIBLE
2.9340171754177624,SOOTH
2.9339725297426558,FOUND
2.933790699961486,DOGMA
2.933401542101206,BRASS
2.9306893576437534,RADII
2.929244668017117,OXIDE
2.9289854339371404,GRILL
2.9288950093775834,BLINK
2.927743184863855,STUCK
2.926300007690583,USING
2.925684114803899,LOYAL
2.925650878478716,AHEAD
2.9249472951981996,PRIVY
2.9244564726788673,MOTOR
2.9242799108433717,CREEK
2.924173929010008,ROWER
2.9240855997492052,DRYER
2.9239001399953564,MERGE
2.9235868977788506,LIMBO
2.922342202898336,HONOR
2.9211503801602787,RENEW
2.9197128080456385,ALLOY
2.919294539328644,THICK
2.9182854528107907,BINGO
2.9169310876955112,FLACK
2.916162861677314,EMPTY
2.9155217812284824,CACTI
2.9153246356290814,WAXEN
2.9152433833659686,STUMP
2.914166855378679,HAVOC
2.9129644252409563,SOOTY
2.912903328249111,STOUT
2.9126978290625054,UMBRA
2.912525303146462,WOUND
2.9122366461498594,TOPAZ
2.9119418545619378,STASH
2.910934743051523,PARRY
2.910789205705331,WHARF
2.910782111830162,YOUNG
2.910491163887157,SHOCK
2.909709197971691,ODDER
2.9096014569848094,LEECH
2.908633526414794,AGAPE
2.9076745639539063,ILIAC
2.9073657330605696,SULKY
2.9068151260399655,PASTA
2.9046921043384093,FIXER
2.9045059114724032,FLING
2.902789847726205,FROCK
2.901982137708715,EKING
2.901442507561781,ENVOY
2.901149336893374,MULCH
2.9010243312168305,PESKY
2.9002896965500855,SHEEP
2.9001991689642637,REVEL
2.899512264059773,FELLA
2.8989516735031233,SNUCK
2.8989334832969464,DWARF
2.898511405385715,PUNCH
2.8956637600364625,ROWDY
2.8956038343971087,LILAC
2.894808023290784,DROSS
2.893984838693341,WITCH
2.893848043934888,DOUGH
2.8934702093037936,COLON
2.8922264409589853,BLOWN
2.8911016218765964,CRUMB
2.8909187852959786,GECKO
2.890653769517808,ROBOT
2.8904557299999203,GULCH
2.890045213607875,FUDGE
2.8889716332590503,BANAL
2.8881404690579062,ETUDE
2.887799885548757,SIEVE
2.8877299020470484,HARRY
2.8876016638942623,RARER
2.8857788737209282,GLASS
2.8857479425525026,FOCUS
2.8849060283909016,RIGOR
2.8844469516360403,VALVE
2.8842457386371048,CATTY
2.8839821821535296,FLECK
2.8834275971424694,OBESE
2.8832421359112934,MIGHT
2.8829037267064455,AGORA
2.882395840382989,LEVER
2.882251508996316,DINGY
2.8804279638119166,BASAL
2.8803703631944284,AWAIT
2.879290533995343,VAPID
2.878523252766416,ANNUL
2.8781307097794397,TRUTH
2.8773054196848187,SWING
2.8770826958862394,QUOTA
2.8759925929768917,CLUMP
2.875632172063006,ZESTY
2.874666188952499,SHOWY
2.8745369480635836,OPIUM
2.874256981011141,BUTTE
2.8732910803396514,COACH
2.873258228738901,SLOSH
2.8732398710301097,SPEED
2.873040680247015,SLOOP
2.8726320427657956,REEDY
2.871661604258318,ROVER
2.87062068782321,SILLY
2.8701280701711442,PLUNK
2.869589486733627,FREED
2.868659764457609,THEME
2.8682319162583085,SWAMP
2.867435461225304,ISSUE
2.866741885447833,SPILL
2.8636170488412094,NEWER
2.862743467471096,NERVE
2.862464001117535,FATAL
2.8617870365234435,ARROW
2.861177508399714,VINYL
2.8609764978158836,ITCHY
2.860605642989911,BLOCK
2.8604266807602152,FINCH
2.8597970175317724,BLEED
2.8578434840099973,EDIFY
2.8575138988793416,BOOST
2.857343554844306,STUNT
2.857195179027897,ATTIC
2.8565255004966423,SPOOL
2.8549839626255853,LEDGE
2.8544322446051678,BUTCH
2.8543461022057484,RIVER
2.8533627061153224,MARRY
2.8517008325672273,MERRY
2.8515293679769744,CYCLE
2.8514394841316477,WRUNG
2.8498330483638825,TABOO
2.8481756563629523,JOKER
2.8479335056837,FLAKY
2.847929774128657,WIDTH
2.8478570849528695,SEVEN
2.8476914866575562,HEAVE
2.847043516980976,DEBUG
2.846989223428289,SIXTH
2.8457218848538384,DYING
2.843499638214884,SMOCK
2.842694306920003,MUNCH
2.8426487715889026,WINCH
2.8423325552044734,PIQUE
2.8420576827955184,GOUGE
2.841732058563695,TOXIC
2.841222170170138,CANNY
2.840712693202888,KNEEL
2.8394148877848506,FICUS
2.8391452459365007,ESSAY
2.8382037984626587,SEEDY
2.838187812632896,EERIE
2.8363692250928993,BLIMP
2.836083103411339,BEGET
2.835032789360083,SIXTY
2.834655197681353,SWELL
2.8344430575489032,CATCH
2.8330836044606684,FENCE
2.832928657397843,ENEMA
2.83231431170876,BLESS
2.8320243521658632,MANIA
2.8319973297048473,DOWNY
2.831600496443754,QUERY
2.8315595887916603,WHERE
2.83090012288793,FLAIL
2.830749623467493,CABAL
2.8300449965005394,FRILL
2.8292302824047444,SPUNK
2.8288091000156235,DRAMA
2.8279627857392104,MORON
2.8278700959009315,STOOD
2.8271348456788656,ANNOY
2.8270557269676106,WHINY
2.826427767823239,AGAIN
2.8226637864394033,CURVY
2.8223496634561918,GROSS
2.822166124856228,FLOWN
2.822069610383283,GOOEY
2.821721022560421,SPIKY
2.8205801661353127,FLOOR
2.81926930346008,BERRY
2.8189736393809195,INDEX
2.817882154869434,QUASI
2.8156660055874627,JUNTA
2.815332948175093,DEFER
2.814855222737084,HUMID
2.812352361846777,BLEEP
2.8113154905345996,CONIC
2.810525718581848,NEVER
2.8100521549826407,BUNCH
2.808882444629008,MECCA
2.8079459165032605,KOALA
2.8075518773137698,UPPER
2.806833679158514,LIMIT
2.8056477238145314,QUAKE
2.8045628796076314,FRITZ
2.8041888309000007,USUAL
2.8039214382238304,UDDER
2.803601404080135,AFOOT
2.8029955077032183,DALLY
2.8012684644767343,DRUID
2.800747460658073,SEIZE
2.8002759498648246,PLUCK
2.799546128224618,IMPLY
2.7995284127259468,DITTO
2.79690376663106,BOUGH
2.7944851469325314,AUGUR
2.794257159518932,QUASH
2.7926037329435434,REVUE
2.791412787529555,PATTY
2.7903285406070335,THUMP
2.7890811444973482,OWING
2.7890211118904684,HATCH
2.7882545534196224,DODGE
2.78786578370177,CHILL
2.7877171450997,TENET
2.787279495381795,CRACK
2.7862111496996675,TIBIA
2.78611222059451,IDIOT
2.784841075231064,STOOP
2.7847893356952595,ADAPT
2.783845671063406,KRILL
2.7833106475333076,UNIFY
2.7825616183932356,FLOCK
2.782513145730158,SMOKY
2.782508070071653,FILMY
2.781400929395406,PETTY
2.7805439296376697,FLICK
2.77806656062346,DROOP
2.777797589887953,SPOON
2.777134168162046,ALOOF
2.7757060456650127,PUSHY
2.775613692100756,FIGHT
2.7750009508803077,BYLAW
2.772442688391792,AMISS
2.77128598726676,SHUCK
2.768568314333253,PUBIC
2.7679098122494947,WALTZ
2.7672019989340884,MILKY
2.7671286105279114,SNOOP
2.7658247514559267,RUMOR
2.7653060382194328,VOUCH
2.7637945637780423,PINKY
2.7629876458856204,LARVA
2.76191396485291,FLUNG
2.761758271390049,BLITZ
2.759447105875278,PROXY
2.759427912542892,WINDY
2.7585727890327454,AWFUL
2.758498320959902,CHESS
2.7560402663881196,BASIS
2.7559861705228235,WIGHT
2.7548898754868043,AVAIL
2.7544402733620874,FISHY
2.754143884945666,AXIOM
2.752399951609105,WHEEL
2.75176470794863,ABBOT
2.748642598618218,RUGBY
2.7485061880110364,JUNTO
2.7469141267557116,GLOSS
2.7460239666211637,EVADE
2.745408734416415,FERRY
2.7451435765849523,UNION
2.7438941450097087,WISPY
2.7435140591472478,SQUAD
2.7424265275899575,TWEED
2.740339566711585,MODEM
2.739482094156352,AWARD
2.7393451878418333,UNDUE
2.7377299407325504,LUMPY
2.7371361505545035,PUPAL
2.736643562755712,IONIC
2.7354067814567458,CHUNK
2.7350848403742836,BROOD
2.734945931635278,ALIBI
2.7308330321145857,SULLY
2.7296351175497477,MUSHY
2.728018334083138,VERGE
2.7266617490495237,TEDDY
2.7261498239225768,SLUSH
2.726138375084296,GAFFE
2.7256410958457855,PENNY
2.725180114041684,MURKY
2.7245848169531253,NINTH
2.723268911200218,SWUNG
2.7202856144805736,RABBI
2.719369739939157,SWILL
2.719181777828027,CURRY
2.718695415875292,BLISS
2.7185511549772174,SENSE
2.7183456087801834,GLYPH
2.7168815920020006,GUESS
2.715216275551681,ABBEY
2.714834500862248,TWIST
2.7145905697115458,QUALM
2.713983605273029,SKIMP
2.713152436336785,CROOK
2.713121644873368,ENNUI
2.7124668331047377,SAPPY
2.7117972807487107,OFFER
2.7116520413037986,BANJO
2.7093083172576176,VIXEN
2.7089059714829613,ELEGY
2.708191317456839,FUROR
2.7072786624988683,BATTY
2.7069383777008036,QUOTH
2.706335743635924,ENJOY
2.7062882218775353,DELVE
2.703334314305503,NEEDY
2.703065553997946,FLUNK
2.7014880873608953,ALLOW
2.7012497010344165,OCCUR
2.7005988582989877,COMFY
2.7005850396170703,VENUE
2.699772892020376,LUCKY
2.6994194202023634,SKILL
2.697781351210776,BELLY
2.69771240555806,PAGAN
2.6962752401403836,SMASH
2.695860940795513,GASSY
2.6941358509700546,QUARK
2.693237168139162,SWEEP
2.6917553420794493,BUSHY
2.6916452275603766,THUMB
2.6908174544376426,DOLLY
2.6878369363099504,COYLY
2.6873084083051064,EVENT
2.6868638770271995,WEAVE
2.685418879304028,AWAKE
2.684436844810262,CLACK
2.683676144845015,DANDY
2.6835301415670587,RAZOR
2.6828064570862797,ROOMY
2.6820166343557084,PARKA
2.6773791531868865,SUNNY
2.6767042785770796,EMBER
2.676233000622759,CONCH
2.675459200098958,EXILE
2.6746333325641825,GOING
2.6745005347042343,WHISK
2.6732855640046975,AVIAN
2.6706390794398724,DUCHY
2.670166972737967,PLUMB
2.6686665310919753,STAFF
2.6678227941937407,EXERT
2.667243846405631,CHILI
2.667099650217703,HEDGE
2.6657937270148815,ERROR
2.6657374946377725,PUPIL
2.6650951905707867,BAWDY
2.662156622391679,CONDO
2.661961482686725,HOLLY
2.6618923567357533,FUNGI
2.659845124675762,NAVAL
2.6584830950975435,DILLY
2.6572427032704504,WHACK
2.656974269747818,THEFT
2.6563371377726663,PICKY
2.6555596589823165,GROOM
2.6530891465902484,CHUMP
2.652025687058836,SCOOP
2.6517862028877595,DITTY
2.6516821562213693,CROCK
2.6514605338700963,GAYLY
2.6491760407717457,FOLIO
2.6490249517376654,NYLON
2.647969198198031,AGING
2.647243406690369,VODKA
2.6452095126150037,CRICK
2.6437354879314445,RIGID
2.6431045030141935,COMMA
2.641004235877322,BEECH
2.639760034146698,ALPHA
2.6395348342614877,HITCH
2.639138149580102,DRYLY
2.637985317173291,AWASH
2.6377151393840634,BOOTH
2.6375473589932135,FLOSS
2.6374113416659446,ANNEX
2.6368141212190035,DUSKY
2.6367684506549827,SWOON
2.635230422076511,PHOTO
2.635179584629535,FATTY
2.635159984157165,APPLY
2.635130930466785,SPASM
2.6325465785388333,TODDY
2.632079787989266,EQUIP
2.631848132171461,HILLY
2.6314028185294838,DIGIT
2.63047275126308,BLOOD
2.6303175215324246,LOOPY
2.630113021486526,FEWER
2.629614963581174,GOLLY
2.628144176688968,LYMPH
2.6281273471171986,EPOXY
2.6279751040517056,HUSKY
2.627646174668048,FAUNA
2.627325986759613,KNEED
2.627113100232273,HUNKY
2.6265351916385176,DWELL
2.6249282527292808,WORRY
2.624338270217647,BROOM
2.6242061960009435,WACKY
2.624137080665906,LEGGY
2.623981600891572,CINCH
2.6239769846979097,TABBY
2.6224634799832436,ICILY
2.6187457367922637,CADDY
2.6171207626605706,HOWDY
2.6162390805245184,VILLA
2.6162165763062104,BOOTY
2.6143702324980342,JERKY
2.6110691139042452,VISIT
2.610894638298529,JUDGE
2.6106642302058662,PROOF
2.6106613200001245,KNOLL
2.607809938602066,TEPEE
2.6077919461016132,HURRY
2.607740063405036,BEVEL
2.6052879531077204,TIMID
2.605199992188344,ROTOR
2.6039655161851774,CHEEK
2.6037865636872657,COUCH
2.6031806467642347,PUDGY
2.597590510910569,LIPID
2.596470380891186,BULKY
2.595935042098356,BLURB
2.5955256368845503,KIOSK
2.594590158255478,VYING
2.5938896479074587,SWASH
2.591337773492637,UNCUT
2.588852610601517,KARMA
2.587550775183562,FANNY
2.5874644959761026,ENEMY
2.585665130527443,QUEER
2.5840795132702072,OUTDO
2.5827002869957534,COMIC
2.582499035965639,MUSKY
2.5820577609485977,MOSSY
2.580210345257241,NUTTY
2.5782849633169524,QUIRK
2.5769709824602622,FEVER
2.574515354877944,DUMPY
2.5681306723643655,MELEE
2.566577935387531,RADAR
2.5663267990534115,GUMBO
2.5662908435310308,TIGHT
2.5652715240401482,SOGGY
2.5648777217874814,MANGA
2.5641647970630355,POOCH
2.563430915538849,BITTY
2.5629595509875993,AXIAL
2.5628364481013164,BILLY
2.5615817536708554,ARRAY
2.560469307409508,SALSA
2.558344019546654,GLOOM
2.5567084322226674,AMAZE
2.5565477561122,THIGH
2.5565174209035604,JUICY
2.5562973161889158,OZONE
2.5550581350611554,MISSY
2.553560888865875,USURP
2.5535234026554328,EVERY
2.5520731240103656,SHYLY
2.550911087464443,SKULL
2.5507447431008896,FJORD
2.5489172212893974,IGLOO
2.5478895234685526,FLOOD
2.5462557151674625,CLOCK
2.5448879462954817,CLICK
2.5447435210081717,TAFFY
2.543488120132972,OFFAL
2.54312717686374,BOSSY
2.5429893692916776,BROOK
2.5425941252324384,GEESE
2.535444543941099,STIFF
2.5311420288060273,NYMPH
2.5296079670562976,WOOLY
2.529503732447671,POLYP
2.528532812004799,WIMPY
2.5268500821816673,SHOOK
2.5250402898960473,PENNE
2.5249481164972094,GAWKY
2.5248170719071896,TEETH
2.523341759086323,CYNIC
2.522186968017995,DULLY
2.5203940057712573,CIVIL
2.519432473136521,PADDY
2.5192153006373426,BLOOM
2.517698473354225,OUTGO
2.51589036795678,SUSHI
2.5153185910210722,FOLLY
2.514986962508017,KEBAB
2.5133526900911285,SNIFF
2.51242281041884,HUTCH
2.5108843832146235,BELLE
2.5017320547308657,PUTTY
2.5016820648740246,WEDGE
2.5001928801527153,LUPUS
2.498845650965369,MAFIA
2.496345704370423,RUDDY
2.4953956343946113,CLIFF
2.49085275601222,CABBY
2.4907237777177773,KNACK
2.49047104123554,FREER
2.4887420602506016,IDYLL
2.48656277888346,INBOX
2.4862455071445635,SQUIB
2.4859908933498587,FORGO
2.485987215647404,UNDID
2.4829002054047504,ABYSS
2.480094079004185,FILLY
2.4787463189045362,QUEEN
2.478703333165873,SAVVY
2.4770379238047124,FUNKY
2.4748518375143744,PIXIE
2.473471813766109,RAJAH
2.4723554994848764,ODDLY
2.4702766619355305,WITTY
2.469839025350832,WILLY
2.468705372093199,HAPPY
2.4685366217744025,HIPPO
2.4677726728100615,FURRY
2.467712704183069,FUGUE
2.4649972608196906,QUACK
2.4649861800250172,MUCKY
2.4649085928437877,HUNCH
2.4627226889396683,SPOOK
2.460497284608945,SWISH
2.4603300197813387,MYRRH
2.45891303772926,SKULK
2.4575392025842584,GULLY
2.457269456571535,HUSSY
2.456876910707906,WRYLY
2.456321027786457,LOBBY
2.4550097386326124,UNZIP
2.4543818916808005,SWOOP
2.4522674055918774,MAMBO
2.45143327803808,WEEDY
2.4489938144938215,LOWLY
2.446881087189785,KITTY
2.4432489928738703,EXCEL
2.4392898023545126,BEZEL
2.4392776875349065,IDIOM
2.4370178848179305,EJECT
2.4355042403434317,SPOOF
2.432694457236071,EMBED
2.4325572255102914,QUELL
2.4312484022375926,BOSOM
2.4274462507475167,GOODY
2.424000523900035,JUROR
2.4218225536924813,TATTY
2.4212632514846684,MOODY
2.42071316489854,CACAO
2.4204363569247143,REFER
2.417818223515999,ICING
2.4174650308720866,BULLY
2.4149968307351126,PULPY
2.4118866423851624,CHAFF
2.409255497352638,EVOKE
2.4076550940795243,BOOZE
2.4028367561797106,SCOFF
2.402032331330989,BONGO
2.4007099869440434,TWEET
2.3997031962341997,MACAW
2.399617960266098,ALLAY
2.397622652892238,FIFTH
2.3932860309914608,CLUCK
2.392198372924721,KHAKI
2.391009410579911,CUBIC
2.3894815758632015,LIVID
2.3885055498399006,CHECK
2.386625004712905,SKUNK
2.3833687074576857,GEEKY
2.3826204933332593,STUFF
2.382580120067091,FIFTY
2.3820304550945854,BEEFY
2.377346133792013,PAPAL
2.3709760530873867,BAGGY
2.3672599184185517,EXPEL
2.365980384273978,TOOTH
2.365106537590347,KNOCK
2.3632275637667104,PLUMP
2.3630902395339155,PLAZA
2.36267277722166,BUNNY
2.3624712502260587,DODGY
2.3611130230438118,ABACK
2.358622550242267,SNUFF
2.3480703290759286,QUICK
2.3459712252871157,VIGIL
2.3429199134485645,FULLY
2.3413933228110184,JELLY
2.3407926993500503,JETTY
2.339768927217129,WIDOW
2.3385151171608642,OVOID
2.337923320742321,MUCUS
2.3339835946290033,COCOA
2.3317196266050693,GUAVA
2.325360594389849,HIPPY
2.3196443261432615,QUILL
2.314366444025435,VERVE
2.312199460740757,ONION
2.311484587850568,SASSY
2.310908490910312,GIDDY
2.3058115584802503,JEWEL
2.3056767915778296,CHOCK
2.3043833619249763,FUSSY
2.3032868138799,WOODY
2.300283642931538,GRUFF
2.2982474106573823,PIGGY
2.296049796484476,LLAMA
2.2923204945396423,CHICK
2.2895404069388667,BUXOM
2.2892038137606705,FUNNY
2.2889965448476612,BIDDY
2.2873738855800174,LEVEL
2.2869869851766023,EMCEE
2.2839987579330043,NANNY
2.2832791384686195,WHICH
2.2816989313610545,KINKY
2.2809869557446585,HUMUS
2.273148183018851,NINJA
2.272748049059068,AMASS
2.2691193400106267,WHOOP
2.2679691781034306,HOBBY
2.263634103157666,GOOFY
2.2381617534446705,ASSAY
2.235930221147458,JOLLY
2.2130005105197976,MAXIM
2.210098289393262,DOWDY
2.1984765295160478,MOTTO
2.1841664915390164,FOGGY
2.1793944652932784,DUMMY
2.1790514297367234,SLYLY
2.1785619275137926,JUMBO
2.177569629690982,MUDDY
2.1760852077605968,SKIFF
2.1635622870751434,SISSY
2.156870129862297,BLUFF
2.154449156271449,KNOWN
2.1507209596588037,CHUCK
2.1495878989513697,BUDDY
2.143575372659484,HUMPH
2.1414626213371686,GUPPY
2.1188789555446714,NINNY
2.1176940928713504,JUMPY
2.114068301449671,GUMMY
2.1071502031746023,TWIXT
2.104481800217215,PIZZA
2.0994174476619,MADAM
2.086059124126547,DADDY
2.0785639368778703,BUGGY
2.073853894669147,FEMME
2.060650723509802,MINIM
2.0602635057807492,SHUSH
2.0254972381089407,PUFFY
2.0080486614093607,WHIFF
2.00083749271017,MAMMY
1.9842120160921555,GAMMA
1.9830387675488945,BOOZY
1.9710889298430987,MAGMA
1.9667679122491468,AFFIX
1.9480037876476501,PYGMY
1.9475310259327228,KAYAK
1.9389549599975455,POPPY
1.925257757129894,MIMIC
1.9236306629236517,BOOBY
1.9115150389387634,DIZZY
1.9016825962693702,QUEUE
1.8935587284899664,WOOZY
1.8730641956099767,KAPPA
1.8081959097247655,CIVIC
1.8014746127528285,BOBBY
1.768114930395851,FLUFF
1.7665266500134114,PUPPY
1.7363926355309658,FIZZY
1.7292045017937743,VIVID
1.72601089393533,JIFFY
1.7119279997894574,MUMMY
1.599891453156493,JAZZY
1.597718094673766,FUZZY
1.5732502536885185,MAMMA
